TICKET_NUMBER,TICKET_CREATE_DTTM,TICKET_CREATED_BY,TICKET_TYPE,SAP_CODE,SAP_NAME,REQUEST_INQUIRY_DATE,REQUESTED_BY,COUNTRY,BL_CD,SERVICE_TYPE,SUBJECT,CALLBACK_DATE,CALLBACK_TIME,REFERENCE_TICKET_NUMBER,REQUEST_MISSING_DOC_DATE,APPROVING_STATUS,APPROVING_DATE,SAP_CREATED_DATE,STAGE,STATUS,TICKET_CLOSED_BY,TICKET_CLOSED_CODE,TICKET_CLOSED_NOTE,TICKET_CLOSED_DTTM,LAST_MODIFIED_BY,LAST_MODIFIED_DTTM
MATE---2025---000004,2025-12-25 06:46:45,KWANG,Material,,345467,2025-12-11,,,,Creation,,,,,,,,,1 Requesting Documents,Open,,,,,KWANG,2025-12-25 07:23:55
MATE---2025---000005,2025-12-25 06:46:56,KWANG,Material,,43567,2025-12-25,,,,Creation,,,,1233567ghg56u56nmbdfgdthg,,,,,0 SaveDraft,Open,,,,,KWANG,2025-12-25 06:47:27
MATE---2025---000003,2025-12-25 06:46:39,KWANG,Material,,2345342,2025-12-25,,,,Creation,,,,,,,,,99A Sap Created,Completed,,,,,KWANG,2025-12-25 07:19:54
MATE---2025---000002,2025-12-25 06:46:32,KWANG,Material,,3242,2025-12-25,,,,Creation,,,,gerg,,,,,99C Cancelled,Cancelled,KWANG,sdfgsdf,sdgf,2025-12-25 07:14:54,KWANG,2025-12-25 07:14:54
MATE---2025---000001,2025-12-25 06:08:23,KWANG,Material,eargearsadfa,asdfasdsdfasd,2025-12-05,aaa@bbb.com,MM,PHI,Creation,,,,rew,,wert,,,2 Submitted,Open,,,,,KWANG,2025-12-25 06:44:18
MATE---2025---000007,2025-12-25 07:47:20,GATES,Material,,sdfgjh,2025-12-25,,TH,,Creation,,,,,,,,,0 SaveDraft,Open,,,,,GATES,2025-12-25 07:47:20
MATE---2025---000006,2025-12-25 07:43:43,GATES,Material,,aerea,2025-12-25,,,,Creation,,,,,,,,,0 SaveDraft,Open,,,,,GATES,2025-12-25 07:43:43
MATE---2025---000008,2025-12-25 07:47:27,GATES,Material,,aegrthjfy,2025-12-25,,VN,,Creation,,,,,,,,,0 SaveDraft,Open,,,,,GATES,2025-12-25 07:47:27
MATE---2025---000009,2025-12-25 07:47:34,GATES,Material,,aerhtryujfyi,2025-12-25,,KH,,Creation,,,,,,,,,0 SaveDraft,Open,,,,,GATES,2025-12-25 07:47:34
